{
    "accuracy": 0.9,
    "precision": 0.6774193548387096,
    "recall": 0.4883720930232558,
    "f1": 0.5675675675675675,
    "classification_report": {
        "0": {
            "precision": 0.9238754325259516,
            "recall": 0.9638989169675091,
            "f1-score": 0.9434628975265018,
            "support": 277.0
        },
        "1": {
            "precision": 0.6774193548387096,
            "recall": 0.4883720930232558,
            "f1-score": 0.5675675675675675,
            "support": 43.0
        },
        "accuracy": 0.9,
        "macro avg": {
            "precision": 0.8006473936823306,
            "recall": 0.7261355049953824,
            "f1-score": 0.7555152325470347,
            "support": 320.0
        },
        "weighted avg": {
            "precision": 0.8907578970867285,
            "recall": 0.9,
            "f1-score": 0.89295196256327,
            "support": 320.0
        }
    },
    "confusion_matrix": [
        [
            267,
            10
        ],
        [
            22,
            21
        ]
    ],
    "roc_auc": 0.8785996138023676
}