{
    "accuracy": 0.928125,
    "precision": 0.7631578947368421,
    "recall": 0.6744186046511628,
    "f1": 0.7160493827160493,
    "classification_report": {
        "0": {
            "precision": 0.950354609929078,
            "recall": 0.9675090252707581,
            "f1-score": 0.9588550983899821,
            "support": 277.0
        },
        "1": {
            "precision": 0.7631578947368421,
            "recall": 0.6744186046511628,
            "f1-score": 0.7160493827160493,
            "support": 43.0
        },
        "accuracy": 0.928125,
        "macro avg": {
            "precision": 0.8567562523329602,
            "recall": 0.8209638149609604,
            "f1-score": 0.8374522405530157,
            "support": 320.0
        },
        "weighted avg": {
            "precision": 0.9252000513251215,
            "recall": 0.928125,
            "f1-score": 0.9262280803462973,
            "support": 320.0
        }
    },
    "confusion_matrix": [
        [
            268,
            9
        ],
        [
            14,
            29
        ]
    ],
    "roc_auc": 0.9277138779279657
}